{"cameraMode":{"drawMode":0,"name":"Shaded","section":"Shading Mode"},"sceneLighting":true,"audioPlay":false,"sceneViewState":{"m_AlwaysRefresh":false,"showFog":true,"showSkybox":true,"showFlares":true,"showImageEffects":true,"showParticleSystems":true,"showVisualEffectGraphs":true,"m_FxEnabled":true},"in2DMode":false,"pivot":{"x":7.598974227905273,"y":25.937822341918947,"z":1.87693452835083},"rotation":{"x":0.0001766443601809442,"y":-0.999218761920929,"z":0.004496486391872168,"w":0.03928600996732712},"size":34.158145904541019,"orthographic":true}