{"cameraMode":{"drawMode":0,"name":"Shaded","section":"Shading Mode"},"sceneLighting":true,"audioPlay":false,"sceneViewState":{"m_AlwaysRefresh":false,"showFog":true,"showSkybox":true,"showFlares":true,"showImageEffects":true,"showParticleSystems":true,"showVisualEffectGraphs":true,"m_FxEnabled":true},"in2DMode":false,"pivot":{"x":11.928749084472657,"y":4.040057182312012,"z":1.7123260498046876},"rotation":{"x":-0.00949532724916935,"y":-0.9713211059570313,"z":0.039359766989946368,"w":-0.23430722951889039},"size":8.797113418579102,"orthographic":true}