{"cameraMode":{"drawMode":0,"name":"Shaded","section":"Shading Mode"},"sceneLighting":true,"audioPlay":false,"sceneViewState":{"m_AlwaysRefresh":false,"showFog":true,"showSkybox":true,"showFlares":true,"showImageEffects":true,"showParticleSystems":true,"showVisualEffectGraphs":true,"m_FxEnabled":true},"in2DMode":false,"pivot":{"x":-17.13589859008789,"y":16.415056228637697,"z":5.68412446975708},"rotation":{"x":-0.004156505223363638,"y":-0.9718953371047974,"z":0.23475098609924317,"w":-0.017207732424139978},"size":39.952423095703128,"orthographic":true}