{"cameraMode":{"drawMode":0,"name":"Shaded","section":"Shading Mode"},"sceneLighting":true,"audioPlay":false,"sceneViewState":{"m_AlwaysRefresh":false,"showFog":true,"showSkybox":true,"showFlares":true,"showImageEffects":true,"showParticleSystems":true,"showVisualEffectGraphs":true,"m_FxEnabled":true},"in2DMode":false,"pivot":{"x":-2.8142013549804689,"y":22.96002960205078,"z":27.63654327392578},"rotation":{"x":0.31337571144104006,"y":0.37872737646102908,"z":-0.13803300261497498,"w":0.8598323464393616},"size":16.587411880493165,"orthographic":true}