{"cameraMode":{"drawMode":0,"name":"Shaded","section":"Shading Mode"},"sceneLighting":true,"audioPlay":false,"sceneViewState":{"m_AlwaysRefresh":false,"showFog":true,"showSkybox":true,"showFlares":true,"showImageEffects":true,"showParticleSystems":true,"showVisualEffectGraphs":true,"m_FxEnabled":true},"in2DMode":false,"pivot":{"x":1.5318984985351563,"y":14.041755676269532,"z":9.208183288574219},"rotation":{"x":0.31337571144104006,"y":0.37872737646102908,"z":-0.13803300261497498,"w":0.8598323464393616},"size":22.768091201782228,"orthographic":true}