{"cameraMode":{"drawMode":0,"name":"Shaded","section":"Shading Mode"},"sceneLighting":true,"audioPlay":false,"sceneViewState":{"m_AlwaysRefresh":false,"showFog":true,"showSkybox":true,"showFlares":true,"showImageEffects":true,"showParticleSystems":true,"showVisualEffectGraphs":true,"m_FxEnabled":true},"in2DMode":false,"pivot":{"x":3.684572696685791,"y":2.0491137504577638,"z":1.7818264961242676},"rotation":{"x":0.006654458586126566,"y":0.9792643189430237,"z":-0.1998426616191864,"w":0.0326225571334362},"size":2.070394277572632,"orthographic":false}